,0
0,What hurricanes don't teach us: AP finds fast coastal growth
1,What hurricanes don't teach us: AP finds fast coastal growth
2,What hurricanes don't teach us: AP finds fast coastal growth
3,What hurricanes don't teach us: AP finds fast coastal growth
4,What hurricanes don't teach us: AP finds fast coastal growth
5,What hurricanes don't teach us: AP finds fast coastal growth
6,What hurricanes don't teach us: AP finds fast coastal growth
7,What hurricanes don't teach us: AP finds fast coastal growth
8,What hurricanes don't teach us: AP finds fast coastal growth
9,What hurricanes don't teach us: AP finds fast coastal growth
10,What hurricanes don't teach us: AP finds fast coastal growth
11,What hurricanes don't teach us: AP finds fast coastal growth
12,What hurricanes don't teach us: AP finds fast coastal growth
13,What hurricanes don't teach us: AP finds fast coastal growth
14,What hurricanes don't teach us: AP finds fast coastal growth
15,What hurricanes don't teach us: AP finds fast coastal growth
16,What hurricanes don't teach us: AP finds fast coastal growth
17,What hurricanes don't teach us: AP finds fast coastal growth
18,What hurricanes don't teach us: AP finds fast coastal growth
19,What hurricanes don't teach us: AP finds fast coastal growth
20,What hurricanes don't teach us: AP finds fast coastal growth
21,What hurricanes don't teach us: AP finds fast coastal growth
22,What hurricanes don't teach us: AP finds fast coastal growth
23,What hurricanes don't teach us: AP finds fast coastal growth
24,What hurricanes don't teach us: AP finds fast coastal growth
25,What hurricanes don't teach us: AP finds fast coastal growth
26,What hurricanes don't teach us: AP finds fast coastal growth
27,What hurricanes don't teach us: AP finds fast coastal growth
28,What hurricanes don't teach us: AP finds fast coastal growth
29,What hurricanes don't teach us: AP finds fast coastal growth
30,What hurricanes don't teach us: AP finds fast coastal growth
31,What hurricanes don't teach us: AP finds fast coastal growth
32,What hurricanes don't teach us: AP finds fast coastal growth
33,What hurricanes don't teach us: AP finds fast coastal growth
34,What hurricanes don't teach us: AP finds fast coastal growth
35,What hurricanes don't teach us: AP finds fast coastal growth
36,What hurricanes don't teach us: AP finds fast coastal growth
37,What hurricanes don't teach us: AP finds fast coastal growth
38,What hurricanes don't teach us: AP finds fast coastal growth
39,What hurricanes don't teach us: AP finds fast coastal growth
40,What hurricanes don't teach us: AP finds fast coastal growth
41,What hurricanes don't teach us: AP finds fast coastal growth
42,What hurricanes don't teach us: AP finds fast coastal growth
43,What hurricanes don't teach us: AP finds fast coastal growth
44,What hurricanes don't teach us: AP finds fast coastal growth
45,What hurricanes don't teach us: AP finds fast coastal growth
46,What hurricanes don't teach us: AP finds fast coastal growth
47,What hurricanes don't teach us: AP finds fast coastal growth
48,What hurricanes don't teach us: AP finds fast coastal growth
49,What hurricanes don't teach us: AP finds fast coastal growth
50,What hurricanes don't teach us: AP finds fast coastal growth
51,What hurricanes don't teach us: AP finds fast coastal growth
52,What hurricanes don't teach us: AP finds fast coastal growth
53,What hurricanes don't teach us: AP finds fast coastal growth
54,What hurricanes don't teach us: AP finds fast coastal growth
55,What hurricanes don't teach us: AP finds fast coastal growth
56,What hurricanes don't teach us: AP finds fast coastal growth
57,What hurricanes don't teach us: AP finds fast coastal growth
58,What hurricanes don't teach us: AP finds fast coastal growth
59,What hurricanes don't teach us: AP finds fast coastal growth
60,What hurricanes don't teach us: AP finds fast coastal growth
61,What hurricanes don't teach us: AP finds fast coastal growth
62,What hurricanes don't teach us: AP finds fast coastal growth
63,What hurricanes don't teach us: AP finds fast coastal growth
64,What hurricanes don't teach us: AP finds fast coastal growth
65,What hurricanes don't teach us: AP finds fast coastal growth
66,What hurricanes don't teach us: AP finds fast coastal growth
67,What hurricanes don't teach us: AP finds fast coastal growth
68,What hurricanes don't teach us: AP finds fast coastal growth
69,What hurricanes don't teach us: AP finds fast coastal growth
70,What hurricanes don't teach us: AP finds fast coastal growth
71,What hurricanes don't teach us: AP finds fast coastal growth
72,What hurricanes don't teach us: AP finds fast coastal growth
73,What hurricanes don't teach us: AP finds fast coastal growth
74,What hurricanes don't teach us: AP finds fast coastal growth
75,What hurricanes don't teach us: AP finds fast coastal growth
76,What hurricanes don't teach us: AP finds fast coastal growth
77,What hurricanes don't teach us: AP finds fast coastal growth
78,What hurricanes don't teach us: AP finds fast coastal growth
79,What hurricanes don't teach us: AP finds fast coastal growth
80,What hurricanes don't teach us: AP finds fast coastal growth
81,What hurricanes don't teach us: AP finds fast coastal growth
82,What hurricanes don't teach us: AP finds fast coastal growth
83,What hurricanes don't teach us: AP finds fast coastal growth
84,What hurricanes don't teach us: AP finds fast coastal growth
85,What hurricanes don't teach us: AP finds fast coastal growth
86,What hurricanes don't teach us: AP finds fast coastal growth
87,What hurricanes don't teach us: AP finds fast coastal growth
88,What hurricanes don't teach us: AP finds fast coastal growth
89,What hurricanes don't teach us: AP finds fast coastal growth
90,What hurricanes don't teach us: AP finds fast coastal growth
91,What hurricanes don't teach us: AP finds fast coastal growth
92,What hurricanes don't teach us: AP finds fast coastal growth
93,What hurricanes don't teach us: AP finds fast coastal growth
94,What hurricanes don't teach us: AP finds fast coastal growth
95,What hurricanes don't teach us: AP finds fast coastal growth
96,What hurricanes don't teach us: AP finds fast coastal growth
97,What hurricanes don't teach us: AP finds fast coastal growth
98,What hurricanes don't teach us: AP finds fast coastal growth
99,What hurricanes don't teach us: AP finds fast coastal growth
100,What hurricanes don't teach us: AP finds fast coastal growth
101,What hurricanes don't teach us: AP finds fast coastal growth
102,What hurricanes don't teach us: AP finds fast coastal growth
103,What hurricanes don't teach us: AP finds fast coastal growth
104,What hurricanes don't teach us: AP finds fast coastal growth
105,What hurricanes don't teach us: AP finds fast coastal growth
106,What hurricanes don't teach us: AP finds fast coastal growth
107,What hurricanes don't teach us: AP finds fast coastal growth
108,What hurricanes don't teach us: AP finds fast coastal growth
109,What hurricanes don't teach us: AP finds fast coastal growth
110,What hurricanes don't teach us: AP finds fast coastal growth
111,What hurricanes don't teach us: AP finds fast coastal growth
112,What hurricanes don't teach us: AP finds fast coastal growth
113,What hurricanes don't teach us: AP finds fast coastal growth
114,What hurricanes don't teach us: AP finds fast coastal growth
115,What hurricanes don't teach us: AP finds fast coastal growth
116,What hurricanes don't teach us: AP finds fast coastal growth
117,What hurricanes don't teach us: AP finds fast coastal growth
118,What hurricanes don't teach us: AP finds fast coastal growth
119,What hurricanes don't teach us: AP finds fast coastal growth
120,What hurricanes don't teach us: AP finds fast coastal growth
121,What hurricanes don't teach us: AP finds fast coastal growth
122,What hurricanes don't teach us: AP finds fast coastal growth
123,What hurricanes don't teach us: AP finds fast coastal growth
124,What hurricanes don't teach us: AP finds fast coastal growth
125,What hurricanes don't teach us: AP finds fast coastal growth
126,What hurricanes don't teach us: AP finds fast coastal growth
127,What hurricanes don't teach us: AP finds fast coastal growth
128,What hurricanes don't teach us: AP finds fast coastal growth
129,What hurricanes don't teach us: AP finds fast coastal growth
130,What hurricanes don't teach us: AP finds fast coastal growth
131,What hurricanes don't teach us: AP finds fast coastal growth
132,What hurricanes don't teach us: AP finds fast coastal growth
133,What hurricanes don't teach us: AP finds fast coastal growth
134,What hurricanes don't teach us: AP finds fast coastal growth
135,What hurricanes don't teach us: AP finds fast coastal growth
136,What hurricanes don't teach us: AP finds fast coastal growth
137,What hurricanes don't teach us: AP finds fast coastal growth
138,What hurricanes don't teach us: AP finds fast coastal growth
139,What hurricanes don't teach us: AP finds fast coastal growth
140,What hurricanes don't teach us: AP finds fast coastal growth
141,What hurricanes don't teach us: AP finds fast coastal growth
142,What hurricanes don't teach us: AP finds fast coastal growth
143,What hurricanes don't teach us: AP finds fast coastal growth
144,What hurricanes don't teach us: AP finds fast coastal growth
145,What hurricanes don't teach us: AP finds fast coastal growth
146,What hurricanes don't teach us: AP finds fast coastal growth
147,What hurricanes don't teach us: AP finds fast coastal growth
148,What hurricanes don't teach us: AP finds fast coastal growth
149,What hurricanes don't teach us: AP finds fast coastal growth
150,What hurricanes don't teach us: AP finds fast coastal growth
151,What hurricanes don't teach us: AP finds fast coastal growth
152,What hurricanes don't teach us: AP finds fast coastal growth
153,What hurricanes don't teach us: AP finds fast coastal growth
154,What hurricanes don't teach us: AP finds fast coastal growth
155,What hurricanes don't teach us: AP finds fast coastal growth
156,What hurricanes don't teach us: AP finds fast coastal growth
157,What hurricanes don't teach us: AP finds fast coastal growth
158,What hurricanes don't teach us: AP finds fast coastal growth
159,What hurricanes don't teach us: AP finds fast coastal growth
160,What hurricanes don't teach us: AP finds fast coastal growth
161,What hurricanes don't teach us: AP finds fast coastal growth
162,What hurricanes don't teach us: AP finds fast coastal growth
163,What hurricanes don't teach us: AP finds fast coastal growth
164,What hurricanes don't teach us: AP finds fast coastal growth
165,What hurricanes don't teach us: AP finds fast coastal growth
166,What hurricanes don't teach us: AP finds fast coastal growth
167,What hurricanes don't teach us: AP finds fast coastal growth
168,What hurricanes don't teach us: AP finds fast coastal growth
169,What hurricanes don't teach us: AP finds fast coastal growth
170,What hurricanes don't teach us: AP finds fast coastal growth
171,What hurricanes don't teach us: AP finds fast coastal growth
172,What hurricanes don't teach us: AP finds fast coastal growth
173,What hurricanes don't teach us: AP finds fast coastal growth
174,What hurricanes don't teach us: AP finds fast coastal growth
175,What hurricanes don't teach us: AP finds fast coastal growth
176,What hurricanes don't teach us: AP finds fast coastal growth
177,What hurricanes don't teach us: AP finds fast coastal growth
178,What hurricanes don't teach us: AP finds fast coastal growth
179,What hurricanes don't teach us: AP finds fast coastal growth
180,What hurricanes don't teach us: AP finds fast coastal growth
181,What hurricanes don't teach us: AP finds fast coastal growth
182,What hurricanes don't teach us: AP finds fast coastal growth
183,What hurricanes don't teach us: AP finds fast coastal growth
184,What hurricanes don't teach us: AP finds fast coastal growth
185,What hurricanes don't teach us: AP finds fast coastal growth
186,What hurricanes don't teach us: AP finds fast coastal growth
187,What hurricanes don't teach us: AP finds fast coastal growth
188,What hurricanes don't teach us: AP finds fast coastal growth
189,What hurricanes don't teach us: AP finds fast coastal growth
190,What hurricanes don't teach us: AP finds fast coastal growth
191,What hurricanes don't teach us: AP finds fast coastal growth
192,What hurricanes don't teach us: AP finds fast coastal growth
193,What hurricanes don't teach us: AP finds fast coastal growth
194,What hurricanes don't teach us: AP finds fast coastal growth
195,What hurricanes don't teach us: AP finds fast coastal growth
196,What hurricanes don't teach us: AP finds fast coastal growth
197,What hurricanes don't teach us: AP finds fast coastal growth
198,What hurricanes don't teach us: AP finds fast coastal growth
199,What hurricanes don't teach us: AP finds fast coastal growth
200,What hurricanes don't teach us: AP finds fast coastal growth
201,What hurricanes don't teach us: AP finds fast coastal growth
202,What hurricanes don't teach us: AP finds fast coastal growth
203,What hurricanes don't teach us: AP finds fast coastal growth
204,What hurricanes don't teach us: AP finds fast coastal growth
205,What hurricanes don't teach us: AP finds fast coastal growth
206,What hurricanes don't teach us: AP finds fast coastal growth
207,What hurricanes don't teach us: AP finds fast coastal growth
208,What hurricanes don't teach us: AP finds fast coastal growth
209,What hurricanes don't teach us: AP finds fast coastal growth
210,What hurricanes don't teach us: AP finds fast coastal growth
211,What hurricanes don't teach us: AP finds fast coastal growth
212,What hurricanes don't teach us: AP finds fast coastal growth
213,What hurricanes don't teach us: AP finds fast coastal growth
214,What hurricanes don't teach us: AP finds fast coastal growth
215,What hurricanes don't teach us: AP finds fast coastal growth
216,What hurricanes don't teach us: AP finds fast coastal growth
217,What hurricanes don't teach us: AP finds fast coastal growth
218,What hurricanes don't teach us: AP finds fast coastal growth
219,What hurricanes don't teach us: AP finds fast coastal growth
220,What hurricanes don't teach us: AP finds fast coastal growth
221,What hurricanes don't teach us: AP finds fast coastal growth
222,What hurricanes don't teach us: AP finds fast coastal growth
223,What hurricanes don't teach us: AP finds fast coastal growth
224,What hurricanes don't teach us: AP finds fast coastal growth
225,What hurricanes don't teach us: AP finds fast coastal growth
226,What hurricanes don't teach us: AP finds fast coastal growth
227,What hurricanes don't teach us: AP finds fast coastal growth
228,What hurricanes don't teach us: AP finds fast coastal growth
229,What hurricanes don't teach us: AP finds fast coastal growth
230,What hurricanes don't teach us: AP finds fast coastal growth
231,What hurricanes don't teach us: AP finds fast coastal growth
232,What hurricanes don't teach us: AP finds fast coastal growth
233,What hurricanes don't teach us: AP finds fast coastal growth
234,What hurricanes don't teach us: AP finds fast coastal growth
235,What hurricanes don't teach us: AP finds fast coastal growth
236,What hurricanes don't teach us: AP finds fast coastal growth
237,What hurricanes don't teach us: AP finds fast coastal growth
238,What hurricanes don't teach us: AP finds fast coastal growth
239,What hurricanes don't teach us: AP finds fast coastal growth
240,What hurricanes don't teach us: AP finds fast coastal growth
241,What hurricanes don't teach us: AP finds fast coastal growth
242,What hurricanes don't teach us: AP finds fast coastal growth
243,What hurricanes don't teach us: AP finds fast coastal growth
244,What hurricanes don't teach us: AP finds fast coastal growth
245,What hurricanes don't teach us: AP finds fast coastal growth
246,What hurricanes don't teach us: AP finds fast coastal growth
247,What hurricanes don't teach us: AP finds fast coastal growth
248,What hurricanes don't teach us: AP finds fast coastal growth
249,What hurricanes don't teach us: AP finds fast coastal growth
250,What hurricanes don't teach us: AP finds fast coastal growth
251,What hurricanes don't teach us: AP finds fast coastal growth
252,What hurricanes don't teach us: AP finds fast coastal growth
253,What hurricanes don't teach us: AP finds fast coastal growth
254,What hurricanes don't teach us: AP finds fast coastal growth
255,What hurricanes don't teach us: AP finds fast coastal growth
256,What hurricanes don't teach us: AP finds fast coastal growth
257,What hurricanes don't teach us: AP finds fast coastal growth
258,What hurricanes don't teach us: AP finds fast coastal growth
259,What hurricanes don't teach us: AP finds fast coastal growth
260,What hurricanes don't teach us: AP finds fast coastal growth
261,What hurricanes don't teach us: AP finds fast coastal growth
262,What hurricanes don't teach us: AP finds fast coastal growth
263,What hurricanes don't teach us: AP finds fast coastal growth
264,What hurricanes don't teach us: AP finds fast coastal growth
265,What hurricanes don't teach us: AP finds fast coastal growth
266,What hurricanes don't teach us: AP finds fast coastal growth
267,What hurricanes don't teach us: AP finds fast coastal growth
268,What hurricanes don't teach us: AP finds fast coastal growth
269,What hurricanes don't teach us: AP finds fast coastal growth
270,What hurricanes don't teach us: AP finds fast coastal growth
271,What hurricanes don't teach us: AP finds fast coastal growth
272,What hurricanes don't teach us: AP finds fast coastal growth
273,What hurricanes don't teach us: AP finds fast coastal growth
274,What hurricanes don't teach us: AP finds fast coastal growth
275,What hurricanes don't teach us: AP finds fast coastal growth
276,What hurricanes don't teach us: AP finds fast coastal growth
277,What hurricanes don't teach us: AP finds fast coastal growth
278,What hurricanes don't teach us: AP finds fast coastal growth
279,What hurricanes don't teach us: AP finds fast coastal growth
280,What hurricanes don't teach us: AP finds fast coastal growth
281,What hurricanes don't teach us: AP finds fast coastal growth
282,What hurricanes don't teach us: AP finds fast coastal growth
283,What hurricanes don't teach us: AP finds fast coastal growth
284,What hurricanes don't teach us: AP finds fast coastal growth
285,What hurricanes don't teach us: AP finds fast coastal growth
286,What hurricanes don't teach us: AP finds fast coastal growth
287,What hurricanes don't teach us: AP finds fast coastal growth
288,What hurricanes don't teach us: AP finds fast coastal growth
289,What hurricanes don't teach us: AP finds fast coastal growth
290,What hurricanes don't teach us: AP finds fast coastal growth
291,What hurricanes don't teach us: AP finds fast coastal growth
292,What hurricanes don't teach us: AP finds fast coastal growth
293,What hurricanes don't teach us: AP finds fast coastal growth
294,What hurricanes don't teach us: AP finds fast coastal growth
295,What hurricanes don't teach us: AP finds fast coastal growth
296,What hurricanes don't teach us: AP finds fast coastal growth
297,What hurricanes don't teach us: AP finds fast coastal growth
298,What hurricanes don't teach us: AP finds fast coastal growth
299,What hurricanes don't teach us: AP finds fast coastal growth
300,What hurricanes don't teach us: AP finds fast coastal growth
301,What hurricanes don't teach us: AP finds fast coastal growth
302,What hurricanes don't teach us: AP finds fast coastal growth
303,What hurricanes don't teach us: AP finds fast coastal growth
304,What hurricanes don't teach us: AP finds fast coastal growth
305,What hurricanes don't teach us: AP finds fast coastal growth
306,What hurricanes don't teach us: AP finds fast coastal growth
307,What hurricanes don't teach us: AP finds fast coastal growth
308,What hurricanes don't teach us: AP finds fast coastal growth
309,What hurricanes don't teach us: AP finds fast coastal growth
310,What hurricanes don't teach us: AP finds fast coastal growth
311,What hurricanes don't teach us: AP finds fast coastal growth
312,What hurricanes don't teach us: AP finds fast coastal growth
313,What hurricanes don't teach us: AP finds fast coastal growth
314,What hurricanes don't teach us: AP finds fast coastal growth
315,What hurricanes don't teach us: AP finds fast coastal growth
316,What hurricanes don't teach us: AP finds fast coastal growth
317,What hurricanes don't teach us: AP finds fast coastal growth
318,What hurricanes don't teach us: AP finds fast coastal growth
319,What hurricanes don't teach us: AP finds fast coastal growth
320,What hurricanes don't teach us: AP finds fast coastal growth
321,What hurricanes don't teach us: AP finds fast coastal growth
322,What hurricanes don't teach us: AP finds fast coastal growth
323,What hurricanes don't teach us: AP finds fast coastal growth
324,What hurricanes don't teach us: AP finds fast coastal growth
325,What hurricanes don't teach us: AP finds fast coastal growth
326,What hurricanes don't teach us: AP finds fast coastal growth
327,What hurricanes don't teach us: AP finds fast coastal growth
328,What hurricanes don't teach us: AP finds fast coastal growth
329,What hurricanes don't teach us: AP finds fast coastal growth
330,What hurricanes don't teach us: AP finds fast coastal growth
331,What hurricanes don't teach us: AP finds fast coastal growth
332,What hurricanes don't teach us: AP finds fast coastal growth
333,What hurricanes don't teach us: AP finds fast coastal growth
334,What hurricanes don't teach us: AP finds fast coastal growth
335,What hurricanes don't teach us: AP finds fast coastal growth
336,What hurricanes don't teach us: AP finds fast coastal growth
337,What hurricanes don't teach us: AP finds fast coastal growth
338,What hurricanes don't teach us: AP finds fast coastal growth
339,What hurricanes don't teach us: AP finds fast coastal growth
340,What hurricanes don't teach us: AP finds fast coastal growth
341,What hurricanes don't teach us: AP finds fast coastal growth
342,What hurricanes don't teach us: AP finds fast coastal growth
343,What hurricanes don't teach us: AP finds fast coastal growth
344,What hurricanes don't teach us: AP finds fast coastal growth
345,What hurricanes don't teach us: AP finds fast coastal growth
346,What hurricanes don't teach us: AP finds fast coastal growth
347,What hurricanes don't teach us: AP finds fast coastal growth
348,What hurricanes don't teach us: AP finds fast coastal growth
349,What hurricanes don't teach us: AP finds fast coastal growth
350,What hurricanes don't teach us: AP finds fast coastal growth
351,What hurricanes don't teach us: AP finds fast coastal growth
352,What hurricanes don't teach us: AP finds fast coastal growth
353,What hurricanes don't teach us: AP finds fast coastal growth
354,What hurricanes don't teach us: AP finds fast coastal growth
355,What hurricanes don't teach us: AP finds fast coastal growth
356,What hurricanes don't teach us: AP finds fast coastal growth
357,What hurricanes don't teach us: AP finds fast coastal growth
358,What hurricanes don't teach us: AP finds fast coastal growth
359,What hurricanes don't teach us: AP finds fast coastal growth
360,What hurricanes don't teach us: AP finds fast coastal growth
361,What hurricanes don't teach us: AP finds fast coastal growth
362,What hurricanes don't teach us: AP finds fast coastal growth
363,What hurricanes don't teach us: AP finds fast coastal growth
364,What hurricanes don't teach us: AP finds fast coastal growth
365,What hurricanes don't teach us: AP finds fast coastal growth
366,What hurricanes don't teach us: AP finds fast coastal growth
367,What hurricanes don't teach us: AP finds fast coastal growth
368,What hurricanes don't teach us: AP finds fast coastal growth
369,What hurricanes don't teach us: AP finds fast coastal growth
370,What hurricanes don't teach us: AP finds fast coastal growth
371,What hurricanes don't teach us: AP finds fast coastal growth
372,What hurricanes don't teach us: AP finds fast coastal growth
373,What hurricanes don't teach us: AP finds fast coastal growth
374,What hurricanes don't teach us: AP finds fast coastal growth
375,What hurricanes don't teach us: AP finds fast coastal growth
376,What hurricanes don't teach us: AP finds fast coastal growth
377,What hurricanes don't teach us: AP finds fast coastal growth
378,What hurricanes don't teach us: AP finds fast coastal growth
379,What hurricanes don't teach us: AP finds fast coastal growth
380,What hurricanes don't teach us: AP finds fast coastal growth
381,What hurricanes don't teach us: AP finds fast coastal growth
382,What hurricanes don't teach us: AP finds fast coastal growth
383,What hurricanes don't teach us: AP finds fast coastal growth
384,What hurricanes don't teach us: AP finds fast coastal growth
385,What hurricanes don't teach us: AP finds fast coastal growth
386,What hurricanes don't teach us: AP finds fast coastal growth
387,What hurricanes don't teach us: AP finds fast coastal growth
388,What hurricanes don't teach us: AP finds fast coastal growth
389,What hurricanes don't teach us: AP finds fast coastal growth
390,What hurricanes don't teach us: AP finds fast coastal growth
391,What hurricanes don't teach us: AP finds fast coastal growth
392,What hurricanes don't teach us: AP finds fast coastal growth
393,What hurricanes don't teach us: AP finds fast coastal growth
394,What hurricanes don't teach us: AP finds fast coastal growth
395,What hurricanes don't teach us: AP finds fast coastal growth
396,What hurricanes don't teach us: AP finds fast coastal growth
397,What hurricanes don't teach us: AP finds fast coastal growth
398,What hurricanes don't teach us: AP finds fast coastal growth
399,What hurricanes don't teach us: AP finds fast coastal growth
400,What hurricanes don't teach us: AP finds fast coastal growth
401,What hurricanes don't teach us: AP finds fast coastal growth
402,What hurricanes don't teach us: AP finds fast coastal growth
403,What hurricanes don't teach us: AP finds fast coastal growth
404,What hurricanes don't teach us: AP finds fast coastal growth
405,What hurricanes don't teach us: AP finds fast coastal growth
406,What hurricanes don't teach us: AP finds fast coastal growth
407,What hurricanes don't teach us: AP finds fast coastal growth
408,What hurricanes don't teach us: AP finds fast coastal growth
409,What hurricanes don't teach us: AP finds fast coastal growth
410,What hurricanes don't teach us: AP finds fast coastal growth
411,What hurricanes don't teach us: AP finds fast coastal growth
412,What hurricanes don't teach us: AP finds fast coastal growth
413,What hurricanes don't teach us: AP finds fast coastal growth
414,What hurricanes don't teach us: AP finds fast coastal growth
415,What hurricanes don't teach us: AP finds fast coastal growth
416,What hurricanes don't teach us: AP finds fast coastal growth
417,What hurricanes don't teach us: AP finds fast coastal growth
418,What hurricanes don't teach us: AP finds fast coastal growth
419,What hurricanes don't teach us: AP finds fast coastal growth
420,What hurricanes don't teach us: AP finds fast coastal growth
421,What hurricanes don't teach us: AP finds fast coastal growth
422,What hurricanes don't teach us: AP finds fast coastal growth
423,What hurricanes don't teach us: AP finds fast coastal growth
424,What hurricanes don't teach us: AP finds fast coastal growth
425,What hurricanes don't teach us: AP finds fast coastal growth
426,What hurricanes don't teach us: AP finds fast coastal growth
427,What hurricanes don't teach us: AP finds fast coastal growth
428,What hurricanes don't teach us: AP finds fast coastal growth
429,What hurricanes don't teach us: AP finds fast coastal growth
430,What hurricanes don't teach us: AP finds fast coastal growth
431,What hurricanes don't teach us: AP finds fast coastal growth
432,What hurricanes don't teach us: AP finds fast coastal growth
433,What hurricanes don't teach us: AP finds fast coastal growth
434,What hurricanes don't teach us: AP finds fast coastal growth
435,What hurricanes don't teach us: AP finds fast coastal growth
436,What hurricanes don't teach us: AP finds fast coastal growth
437,What hurricanes don't teach us: AP finds fast coastal growth
438,What hurricanes don't teach us: AP finds fast coastal growth
439,What hurricanes don't teach us: AP finds fast coastal growth
440,What hurricanes don't teach us: AP finds fast coastal growth
441,What hurricanes don't teach us: AP finds fast coastal growth
442,What hurricanes don't teach us: AP finds fast coastal growth
443,What hurricanes don't teach us: AP finds fast coastal growth
444,What hurricanes don't teach us: AP finds fast coastal growth
445,What hurricanes don't teach us: AP finds fast coastal growth
446,What hurricanes don't teach us: AP finds fast coastal growth
447,What hurricanes don't teach us: AP finds fast coastal growth
448,What hurricanes don't teach us: AP finds fast coastal growth
449,What hurricanes don't teach us: AP finds fast coastal growth
450,What hurricanes don't teach us: AP finds fast coastal growth
451,What hurricanes don't teach us: AP finds fast coastal growth
452,What hurricanes don't teach us: AP finds fast coastal growth
453,What hurricanes don't teach us: AP finds fast coastal growth
454,What hurricanes don't teach us: AP finds fast coastal growth
455,What hurricanes don't teach us: AP finds fast coastal growth
456,What hurricanes don't teach us: AP finds fast coastal growth
457,What hurricanes don't teach us: AP finds fast coastal growth
458,What hurricanes don't teach us: AP finds fast coastal growth
459,What hurricanes don't teach us: AP finds fast coastal growth
460,What hurricanes don't teach us: AP finds fast coastal growth
461,What hurricanes don't teach us: AP finds fast coastal growth
462,What hurricanes don't teach us: AP finds fast coastal growth
463,What hurricanes don't teach us: AP finds fast coastal growth
464,What hurricanes don't teach us: AP finds fast coastal growth
465,What hurricanes don't teach us: AP finds fast coastal growth
466,What hurricanes don't teach us: AP finds fast coastal growth
467,What hurricanes don't teach us: AP finds fast coastal growth
468,What hurricanes don't teach us: AP finds fast coastal growth
469,What hurricanes don't teach us: AP finds fast coastal growth
470,What hurricanes don't teach us: AP finds fast coastal growth
471,What hurricanes don't teach us: AP finds fast coastal growth
472,What hurricanes don't teach us: AP finds fast coastal growth
473,What hurricanes don't teach us: AP finds fast coastal growth
474,What hurricanes don't teach us: AP finds fast coastal growth
475,What hurricanes don't teach us: AP finds fast coastal growth
476,What hurricanes don't teach us: AP finds fast coastal growth
477,What hurricanes don't teach us: AP finds fast coastal growth
478,What hurricanes don't teach us: AP finds fast coastal growth
479,What hurricanes don't teach us: AP finds fast coastal growth
480,What hurricanes don't teach us: AP finds fast coastal growth
481,What hurricanes don't teach us: AP finds fast coastal growth
482,What hurricanes don't teach us: AP finds fast coastal growth
483,What hurricanes don't teach us: AP finds fast coastal growth
484,What hurricanes don't teach us: AP finds fast coastal growth
485,What hurricanes don't teach us: AP finds fast coastal growth
486,What hurricanes don't teach us: AP finds fast coastal growth
487,What hurricanes don't teach us: AP finds fast coastal growth
488,What hurricanes don't teach us: AP finds fast coastal growth
489,What hurricanes don't teach us: AP finds fast coastal growth
490,What hurricanes don't teach us: AP finds fast coastal growth
491,What hurricanes don't teach us: AP finds fast coastal growth
492,What hurricanes don't teach us: AP finds fast coastal growth
493,What hurricanes don't teach us: AP finds fast coastal growth
494,What hurricanes don't teach us: AP finds fast coastal growth
495,What hurricanes don't teach us: AP finds fast coastal growth
496,What hurricanes don't teach us: AP finds fast coastal growth
497,What hurricanes don't teach us: AP finds fast coastal growth
498,What hurricanes don't teach us: AP finds fast coastal growth
499,What hurricanes don't teach us: AP finds fast coastal growth
500,What hurricanes don't teach us: AP finds fast coastal growth
501,What hurricanes don't teach us: AP finds fast coastal growth
502,What hurricanes don't teach us: AP finds fast coastal growth
503,What hurricanes don't teach us: AP finds fast coastal growth
504,What hurricanes don't teach us: AP finds fast coastal growth
505,What hurricanes don't teach us: AP finds fast coastal growth
506,What hurricanes don't teach us: AP finds fast coastal growth
507,What hurricanes don't teach us: AP finds fast coastal growth
508,What hurricanes don't teach us: AP finds fast coastal growth
509,What hurricanes don't teach us: AP finds fast coastal growth
510,What hurricanes don't teach us: AP finds fast coastal growth
511,What hurricanes don't teach us: AP finds fast coastal growth
512,What hurricanes don't teach us: AP finds fast coastal growth
513,What hurricanes don't teach us: AP finds fast coastal growth
514,What hurricanes don't teach us: AP finds fast coastal growth
515,What hurricanes don't teach us: AP finds fast coastal growth
516,What hurricanes don't teach us: AP finds fast coastal growth
517,What hurricanes don't teach us: AP finds fast coastal growth
518,What hurricanes don't teach us: AP finds fast coastal growth
519,What hurricanes don't teach us: AP finds fast coastal growth
520,What hurricanes don't teach us: AP finds fast coastal growth
521,What hurricanes don't teach us: AP finds fast coastal growth
522,What hurricanes don't teach us: AP finds fast coastal growth
523,What hurricanes don't teach us: AP finds fast coastal growth
524,What hurricanes don't teach us: AP finds fast coastal growth
525,What hurricanes don't teach us: AP finds fast coastal growth
526,What hurricanes don't teach us: AP finds fast coastal growth
527,What hurricanes don't teach us: AP finds fast coastal growth
528,What hurricanes don't teach us: AP finds fast coastal growth
529,What hurricanes don't teach us: AP finds fast coastal growth
530,What hurricanes don't teach us: AP finds fast coastal growth
531,What hurricanes don't teach us: AP finds fast coastal growth
532,What hurricanes don't teach us: AP finds fast coastal growth
533,What hurricanes don't teach us: AP finds fast coastal growth
534,What hurricanes don't teach us: AP finds fast coastal growth
535,What hurricanes don't teach us: AP finds fast coastal growth
536,What hurricanes don't teach us: AP finds fast coastal growth
537,What hurricanes don't teach us: AP finds fast coastal growth
538,What hurricanes don't teach us: AP finds fast coastal growth
539,What hurricanes don't teach us: AP finds fast coastal growth
540,What hurricanes don't teach us: AP finds fast coastal growth
541,What hurricanes don't teach us: AP finds fast coastal growth
542,What hurricanes don't teach us: AP finds fast coastal growth
543,What hurricanes don't teach us: AP finds fast coastal growth
544,What hurricanes don't teach us: AP finds fast coastal growth
545,What hurricanes don't teach us: AP finds fast coastal growth
546,What hurricanes don't teach us: AP finds fast coastal growth
547,What hurricanes don't teach us: AP finds fast coastal growth
548,What hurricanes don't teach us: AP finds fast coastal growth
549,What hurricanes don't teach us: AP finds fast coastal growth
550,What hurricanes don't teach us: AP finds fast coastal growth
551,What hurricanes don't teach us: AP finds fast coastal growth
552,What hurricanes don't teach us: AP finds fast coastal growth
553,What hurricanes don't teach us: AP finds fast coastal growth
554,What hurricanes don't teach us: AP finds fast coastal growth
555,What hurricanes don't teach us: AP finds fast coastal growth
556,What hurricanes don't teach us: AP finds fast coastal growth
557,What hurricanes don't teach us: AP finds fast coastal growth
558,What hurricanes don't teach us: AP finds fast coastal growth
559,What hurricanes don't teach us: AP finds fast coastal growth
560,What hurricanes don't teach us: AP finds fast coastal growth
561,What hurricanes don't teach us: AP finds fast coastal growth
562,What hurricanes don't teach us: AP finds fast coastal growth
563,What hurricanes don't teach us: AP finds fast coastal growth
564,What hurricanes don't teach us: AP finds fast coastal growth
565,What hurricanes don't teach us: AP finds fast coastal growth
566,What hurricanes don't teach us: AP finds fast coastal growth
567,What hurricanes don't teach us: AP finds fast coastal growth
568,What hurricanes don't teach us: AP finds fast coastal growth
569,What hurricanes don't teach us: AP finds fast coastal growth
570,What hurricanes don't teach us: AP finds fast coastal growth
571,What hurricanes don't teach us: AP finds fast coastal growth
572,What hurricanes don't teach us: AP finds fast coastal growth
573,What hurricanes don't teach us: AP finds fast coastal growth
574,What hurricanes don't teach us: AP finds fast coastal growth
575,What hurricanes don't teach us: AP finds fast coastal growth
576,What hurricanes don't teach us: AP finds fast coastal growth
577,What hurricanes don't teach us: AP finds fast coastal growth
578,What hurricanes don't teach us: AP finds fast coastal growth
579,What hurricanes don't teach us: AP finds fast coastal growth
580,What hurricanes don't teach us: AP finds fast coastal growth
581,What hurricanes don't teach us: AP finds fast coastal growth
582,What hurricanes don't teach us: AP finds fast coastal growth
583,What hurricanes don't teach us: AP finds fast coastal growth
584,What hurricanes don't teach us: AP finds fast coastal growth
585,What hurricanes don't teach us: AP finds fast coastal growth
586,What hurricanes don't teach us: AP finds fast coastal growth
587,What hurricanes don't teach us: AP finds fast coastal growth
588,What hurricanes don't teach us: AP finds fast coastal growth
589,What hurricanes don't teach us: AP finds fast coastal growth
590,What hurricanes don't teach us: AP finds fast coastal growth
591,What hurricanes don't teach us: AP finds fast coastal growth
592,What hurricanes don't teach us: AP finds fast coastal growth
593,What hurricanes don't teach us: AP finds fast coastal growth
594,What hurricanes don't teach us: AP finds fast coastal growth
595,What hurricanes don't teach us: AP finds fast coastal growth
596,What hurricanes don't teach us: AP finds fast coastal growth
597,What hurricanes don't teach us: AP finds fast coastal growth
598,What hurricanes don't teach us: AP finds fast coastal growth
599,What hurricanes don't teach us: AP finds fast coastal growth
600,What hurricanes don't teach us: AP finds fast coastal growth
601,What hurricanes don't teach us: AP finds fast coastal growth
602,What hurricanes don't teach us: AP finds fast coastal growth
603,What hurricanes don't teach us: AP finds fast coastal growth
604,What hurricanes don't teach us: AP finds fast coastal growth
605,What hurricanes don't teach us: AP finds fast coastal growth
606,What hurricanes don't teach us: AP finds fast coastal growth
607,What hurricanes don't teach us: AP finds fast coastal growth
608,What hurricanes don't teach us: AP finds fast coastal growth
609,What hurricanes don't teach us: AP finds fast coastal growth
610,What hurricanes don't teach us: AP finds fast coastal growth
611,What hurricanes don't teach us: AP finds fast coastal growth
612,What hurricanes don't teach us: AP finds fast coastal growth
613,What hurricanes don't teach us: AP finds fast coastal growth
614,What hurricanes don't teach us: AP finds fast coastal growth
615,What hurricanes don't teach us: AP finds fast coastal growth
616,What hurricanes don't teach us: AP finds fast coastal growth
617,What hurricanes don't teach us: AP finds fast coastal growth
618,What hurricanes don't teach us: AP finds fast coastal growth
619,What hurricanes don't teach us: AP finds fast coastal growth
620,What hurricanes don't teach us: AP finds fast coastal growth
621,What hurricanes don't teach us: AP finds fast coastal growth
622,What hurricanes don't teach us: AP finds fast coastal growth
623,What hurricanes don't teach us: AP finds fast coastal growth
624,What hurricanes don't teach us: AP finds fast coastal growth
625,What hurricanes don't teach us: AP finds fast coastal growth
626,What hurricanes don't teach us: AP finds fast coastal growth
627,What hurricanes don't teach us: AP finds fast coastal growth
628,What hurricanes don't teach us: AP finds fast coastal growth
629,What hurricanes don't teach us: AP finds fast coastal growth
630,What hurricanes don't teach us: AP finds fast coastal growth
631,What hurricanes don't teach us: AP finds fast coastal growth
632,What hurricanes don't teach us: AP finds fast coastal growth
633,What hurricanes don't teach us: AP finds fast coastal growth
634,What hurricanes don't teach us: AP finds fast coastal growth
635,What hurricanes don't teach us: AP finds fast coastal growth
636,What hurricanes don't teach us: AP finds fast coastal growth
637,What hurricanes don't teach us: AP finds fast coastal growth
638,What hurricanes don't teach us: AP finds fast coastal growth
639,What hurricanes don't teach us: AP finds fast coastal growth
640,What hurricanes don't teach us: AP finds fast coastal growth
641,What hurricanes don't teach us: AP finds fast coastal growth
642,What hurricanes don't teach us: AP finds fast coastal growth
643,What hurricanes don't teach us: AP finds fast coastal growth
644,What hurricanes don't teach us: AP finds fast coastal growth
645,What hurricanes don't teach us: AP finds fast coastal growth
646,What hurricanes don't teach us: AP finds fast coastal growth
647,What hurricanes don't teach us: AP finds fast coastal growth
648,What hurricanes don't teach us: AP finds fast coastal growth
649,What hurricanes don't teach us: AP finds fast coastal growth
650,What hurricanes don't teach us: AP finds fast coastal growth
651,What hurricanes don't teach us: AP finds fast coastal growth
652,What hurricanes don't teach us: AP finds fast coastal growth
653,What hurricanes don't teach us: AP finds fast coastal growth
654,What hurricanes don't teach us: AP finds fast coastal growth
655,What hurricanes don't teach us: AP finds fast coastal growth
656,What hurricanes don't teach us: AP finds fast coastal growth
657,What hurricanes don't teach us: AP finds fast coastal growth
658,What hurricanes don't teach us: AP finds fast coastal growth
659,What hurricanes don't teach us: AP finds fast coastal growth
660,What hurricanes don't teach us: AP finds fast coastal growth
661,What hurricanes don't teach us: AP finds fast coastal growth
662,What hurricanes don't teach us: AP finds fast coastal growth
663,What hurricanes don't teach us: AP finds fast coastal growth
664,What hurricanes don't teach us: AP finds fast coastal growth
665,What hurricanes don't teach us: AP finds fast coastal growth
666,What hurricanes don't teach us: AP finds fast coastal growth
667,What hurricanes don't teach us: AP finds fast coastal growth
668,What hurricanes don't teach us: AP finds fast coastal growth
669,What hurricanes don't teach us: AP finds fast coastal growth
670,What hurricanes don't teach us: AP finds fast coastal growth
671,What hurricanes don't teach us: AP finds fast coastal growth
672,What hurricanes don't teach us: AP finds fast coastal growth
673,What hurricanes don't teach us: AP finds fast coastal growth
674,What hurricanes don't teach us: AP finds fast coastal growth
675,What hurricanes don't teach us: AP finds fast coastal growth
676,What hurricanes don't teach us: AP finds fast coastal growth
677,What hurricanes don't teach us: AP finds fast coastal growth
678,What hurricanes don't teach us: AP finds fast coastal growth
679,What hurricanes don't teach us: AP finds fast coastal growth
680,What hurricanes don't teach us: AP finds fast coastal growth
681,What hurricanes don't teach us: AP finds fast coastal growth
682,What hurricanes don't teach us: AP finds fast coastal growth
683,What hurricanes don't teach us: AP finds fast coastal growth
684,What hurricanes don't teach us: AP finds fast coastal growth
685,What hurricanes don't teach us: AP finds fast coastal growth
686,What hurricanes don't teach us: AP finds fast coastal growth
687,What hurricanes don't teach us: AP finds fast coastal growth
688,What hurricanes don't teach us: AP finds fast coastal growth
689,What hurricanes don't teach us: AP finds fast coastal growth
690,What hurricanes don't teach us: AP finds fast coastal growth
691,What hurricanes don't teach us: AP finds fast coastal growth
692,What hurricanes don't teach us: AP finds fast coastal growth
693,What hurricanes don't teach us: AP finds fast coastal growth
694,What hurricanes don't teach us: AP finds fast coastal growth
695,What hurricanes don't teach us: AP finds fast coastal growth
696,What hurricanes don't teach us: AP finds fast coastal growth
697,What hurricanes don't teach us: AP finds fast coastal growth
698,What hurricanes don't teach us: AP finds fast coastal growth
699,What hurricanes don't teach us: AP finds fast coastal growth
700,What hurricanes don't teach us: AP finds fast coastal growth
701,What hurricanes don't teach us: AP finds fast coastal growth
702,What hurricanes don't teach us: AP finds fast coastal growth
703,What hurricanes don't teach us: AP finds fast coastal growth
704,What hurricanes don't teach us: AP finds fast coastal growth
705,What hurricanes don't teach us: AP finds fast coastal growth
706,What hurricanes don't teach us: AP finds fast coastal growth
707,What hurricanes don't teach us: AP finds fast coastal growth
708,What hurricanes don't teach us: AP finds fast coastal growth
709,What hurricanes don't teach us: AP finds fast coastal growth
710,What hurricanes don't teach us: AP finds fast coastal growth
711,What hurricanes don't teach us: AP finds fast coastal growth
712,What hurricanes don't teach us: AP finds fast coastal growth
713,What hurricanes don't teach us: AP finds fast coastal growth
714,What hurricanes don't teach us: AP finds fast coastal growth
715,What hurricanes don't teach us: AP finds fast coastal growth
716,What hurricanes don't teach us: AP finds fast coastal growth
717,What hurricanes don't teach us: AP finds fast coastal growth
718,What hurricanes don't teach us: AP finds fast coastal growth
719,What hurricanes don't teach us: AP finds fast coastal growth
720,What hurricanes don't teach us: AP finds fast coastal growth
721,What hurricanes don't teach us: AP finds fast coastal growth
722,What hurricanes don't teach us: AP finds fast coastal growth
723,What hurricanes don't teach us: AP finds fast coastal growth
724,What hurricanes don't teach us: AP finds fast coastal growth
725,What hurricanes don't teach us: AP finds fast coastal growth
726,What hurricanes don't teach us: AP finds fast coastal growth
727,What hurricanes don't teach us: AP finds fast coastal growth
728,What hurricanes don't teach us: AP finds fast coastal growth
729,What hurricanes don't teach us: AP finds fast coastal growth
730,What hurricanes don't teach us: AP finds fast coastal growth
731,What hurricanes don't teach us: AP finds fast coastal growth
732,What hurricanes don't teach us: AP finds fast coastal growth
733,What hurricanes don't teach us: AP finds fast coastal growth
734,What hurricanes don't teach us: AP finds fast coastal growth
735,What hurricanes don't teach us: AP finds fast coastal growth
736,What hurricanes don't teach us: AP finds fast coastal growth
737,What hurricanes don't teach us: AP finds fast coastal growth
738,What hurricanes don't teach us: AP finds fast coastal growth
739,What hurricanes don't teach us: AP finds fast coastal growth
740,What hurricanes don't teach us: AP finds fast coastal growth
741,What hurricanes don't teach us: AP finds fast coastal growth
742,What hurricanes don't teach us: AP finds fast coastal growth
743,What hurricanes don't teach us: AP finds fast coastal growth
744,What hurricanes don't teach us: AP finds fast coastal growth
745,What hurricanes don't teach us: AP finds fast coastal growth
746,What hurricanes don't teach us: AP finds fast coastal growth
747,What hurricanes don't teach us: AP finds fast coastal growth
748,What hurricanes don't teach us: AP finds fast coastal growth
749,What hurricanes don't teach us: AP finds fast coastal growth
750,What hurricanes don't teach us: AP finds fast coastal growth
751,What hurricanes don't teach us: AP finds fast coastal growth
752,What hurricanes don't teach us: AP finds fast coastal growth
753,What hurricanes don't teach us: AP finds fast coastal growth
754,What hurricanes don't teach us: AP finds fast coastal growth
755,What hurricanes don't teach us: AP finds fast coastal growth
756,What hurricanes don't teach us: AP finds fast coastal growth
757,What hurricanes don't teach us: AP finds fast coastal growth
758,What hurricanes don't teach us: AP finds fast coastal growth
759,What hurricanes don't teach us: AP finds fast coastal growth
760,What hurricanes don't teach us: AP finds fast coastal growth
761,What hurricanes don't teach us: AP finds fast coastal growth
762,What hurricanes don't teach us: AP finds fast coastal growth
763,What hurricanes don't teach us: AP finds fast coastal growth
764,What hurricanes don't teach us: AP finds fast coastal growth
765,What hurricanes don't teach us: AP finds fast coastal growth
766,What hurricanes don't teach us: AP finds fast coastal growth
767,What hurricanes don't teach us: AP finds fast coastal growth
768,What hurricanes don't teach us: AP finds fast coastal growth
769,What hurricanes don't teach us: AP finds fast coastal growth
770,What hurricanes don't teach us: AP finds fast coastal growth
771,What hurricanes don't teach us: AP finds fast coastal growth
772,What hurricanes don't teach us: AP finds fast coastal growth
773,What hurricanes don't teach us: AP finds fast coastal growth
774,What hurricanes don't teach us: AP finds fast coastal growth
775,What hurricanes don't teach us: AP finds fast coastal growth
776,What hurricanes don't teach us: AP finds fast coastal growth
777,What hurricanes don't teach us: AP finds fast coastal growth
778,What hurricanes don't teach us: AP finds fast coastal growth
779,What hurricanes don't teach us: AP finds fast coastal growth
780,What hurricanes don't teach us: AP finds fast coastal growth
781,What hurricanes don't teach us: AP finds fast coastal growth
782,What hurricanes don't teach us: AP finds fast coastal growth
783,What hurricanes don't teach us: AP finds fast coastal growth
784,What hurricanes don't teach us: AP finds fast coastal growth
785,What hurricanes don't teach us: AP finds fast coastal growth
786,What hurricanes don't teach us: AP finds fast coastal growth
787,What hurricanes don't teach us: AP finds fast coastal growth
788,What hurricanes don't teach us: AP finds fast coastal growth
789,What hurricanes don't teach us: AP finds fast coastal growth
790,What hurricanes don't teach us: AP finds fast coastal growth
791,What hurricanes don't teach us: AP finds fast coastal growth
792,What hurricanes don't teach us: AP finds fast coastal growth
793,What hurricanes don't teach us: AP finds fast coastal growth
794,What hurricanes don't teach us: AP finds fast coastal growth
795,What hurricanes don't teach us: AP finds fast coastal growth
796,What hurricanes don't teach us: AP finds fast coastal growth
797,What hurricanes don't teach us: AP finds fast coastal growth
798,What hurricanes don't teach us: AP finds fast coastal growth
799,What hurricanes don't teach us: AP finds fast coastal growth
800,What hurricanes don't teach us: AP finds fast coastal growth
801,What hurricanes don't teach us: AP finds fast coastal growth
802,What hurricanes don't teach us: AP finds fast coastal growth
803,What hurricanes don't teach us: AP finds fast coastal growth
804,What hurricanes don't teach us: AP finds fast coastal growth
805,What hurricanes don't teach us: AP finds fast coastal growth
806,What hurricanes don't teach us: AP finds fast coastal growth
807,What hurricanes don't teach us: AP finds fast coastal growth
808,What hurricanes don't teach us: AP finds fast coastal growth
809,What hurricanes don't teach us: AP finds fast coastal growth
810,What hurricanes don't teach us: AP finds fast coastal growth
811,What hurricanes don't teach us: AP finds fast coastal growth
812,What hurricanes don't teach us: AP finds fast coastal growth
813,What hurricanes don't teach us: AP finds fast coastal growth
814,What hurricanes don't teach us: AP finds fast coastal growth
815,What hurricanes don't teach us: AP finds fast coastal growth
816,What hurricanes don't teach us: AP finds fast coastal growth
817,What hurricanes don't teach us: AP finds fast coastal growth
818,What hurricanes don't teach us: AP finds fast coastal growth
819,What hurricanes don't teach us: AP finds fast coastal growth
820,What hurricanes don't teach us: AP finds fast coastal growth
821,What hurricanes don't teach us: AP finds fast coastal growth
822,What hurricanes don't teach us: AP finds fast coastal growth
823,What hurricanes don't teach us: AP finds fast coastal growth
824,What hurricanes don't teach us: AP finds fast coastal growth
825,What hurricanes don't teach us: AP finds fast coastal growth
826,What hurricanes don't teach us: AP finds fast coastal growth
827,What hurricanes don't teach us: AP finds fast coastal growth
828,What hurricanes don't teach us: AP finds fast coastal growth
829,What hurricanes don't teach us: AP finds fast coastal growth
830,What hurricanes don't teach us: AP finds fast coastal growth
831,What hurricanes don't teach us: AP finds fast coastal growth
832,What hurricanes don't teach us: AP finds fast coastal growth
833,What hurricanes don't teach us: AP finds fast coastal growth
834,What hurricanes don't teach us: AP finds fast coastal growth
835,What hurricanes don't teach us: AP finds fast coastal growth
836,What hurricanes don't teach us: AP finds fast coastal growth
837,What hurricanes don't teach us: AP finds fast coastal growth
838,What hurricanes don't teach us: AP finds fast coastal growth
839,What hurricanes don't teach us: AP finds fast coastal growth
840,What hurricanes don't teach us: AP finds fast coastal growth
841,What hurricanes don't teach us: AP finds fast coastal growth
842,What hurricanes don't teach us: AP finds fast coastal growth
843,What hurricanes don't teach us: AP finds fast coastal growth
844,What hurricanes don't teach us: AP finds fast coastal growth
845,What hurricanes don't teach us: AP finds fast coastal growth
846,What hurricanes don't teach us: AP finds fast coastal growth
847,What hurricanes don't teach us: AP finds fast coastal growth
848,What hurricanes don't teach us: AP finds fast coastal growth
849,What hurricanes don't teach us: AP finds fast coastal growth
850,What hurricanes don't teach us: AP finds fast coastal growth
851,What hurricanes don't teach us: AP finds fast coastal growth
852,What hurricanes don't teach us: AP finds fast coastal growth
853,What hurricanes don't teach us: AP finds fast coastal growth
854,What hurricanes don't teach us: AP finds fast coastal growth
855,What hurricanes don't teach us: AP finds fast coastal growth
856,What hurricanes don't teach us: AP finds fast coastal growth
857,What hurricanes don't teach us: AP finds fast coastal growth
858,What hurricanes don't teach us: AP finds fast coastal growth
859,What hurricanes don't teach us: AP finds fast coastal growth
860,What hurricanes don't teach us: AP finds fast coastal growth
861,What hurricanes don't teach us: AP finds fast coastal growth
862,What hurricanes don't teach us: AP finds fast coastal growth
863,What hurricanes don't teach us: AP finds fast coastal growth
864,What hurricanes don't teach us: AP finds fast coastal growth
865,What hurricanes don't teach us: AP finds fast coastal growth
866,What hurricanes don't teach us: AP finds fast coastal growth
867,What hurricanes don't teach us: AP finds fast coastal growth
868,What hurricanes don't teach us: AP finds fast coastal growth
869,What hurricanes don't teach us: AP finds fast coastal growth
870,What hurricanes don't teach us: AP finds fast coastal growth
871,What hurricanes don't teach us: AP finds fast coastal growth
872,What hurricanes don't teach us: AP finds fast coastal growth
873,What hurricanes don't teach us: AP finds fast coastal growth
874,What hurricanes don't teach us: AP finds fast coastal growth
875,What hurricanes don't teach us: AP finds fast coastal growth
876,What hurricanes don't teach us: AP finds fast coastal growth
877,What hurricanes don't teach us: AP finds fast coastal growth
878,What hurricanes don't teach us: AP finds fast coastal growth
879,What hurricanes don't teach us: AP finds fast coastal growth
880,What hurricanes don't teach us: AP finds fast coastal growth
881,What hurricanes don't teach us: AP finds fast coastal growth
882,What hurricanes don't teach us: AP finds fast coastal growth
883,What hurricanes don't teach us: AP finds fast coastal growth
884,What hurricanes don't teach us: AP finds fast coastal growth
885,What hurricanes don't teach us: AP finds fast coastal growth
886,What hurricanes don't teach us: AP finds fast coastal growth
887,What hurricanes don't teach us: AP finds fast coastal growth
888,What hurricanes don't teach us: AP finds fast coastal growth
889,What hurricanes don't teach us: AP finds fast coastal growth
890,What hurricanes don't teach us: AP finds fast coastal growth
891,What hurricanes don't teach us: AP finds fast coastal growth
892,What hurricanes don't teach us: AP finds fast coastal growth
893,What hurricanes don't teach us: AP finds fast coastal growth
894,What hurricanes don't teach us: AP finds fast coastal growth
895,What hurricanes don't teach us: AP finds fast coastal growth
896,What hurricanes don't teach us: AP finds fast coastal growth
897,What hurricanes don't teach us: AP finds fast coastal growth
898,What hurricanes don't teach us: AP finds fast coastal growth
899,What hurricanes don't teach us: AP finds fast coastal growth
900,What hurricanes don't teach us: AP finds fast coastal growth
901,What hurricanes don't teach us: AP finds fast coastal growth
902,What hurricanes don't teach us: AP finds fast coastal growth
903,What hurricanes don't teach us: AP finds fast coastal growth
904,What hurricanes don't teach us: AP finds fast coastal growth
905,What hurricanes don't teach us: AP finds fast coastal growth
906,What hurricanes don't teach us: AP finds fast coastal growth
907,What hurricanes don't teach us: AP finds fast coastal growth
908,What hurricanes don't teach us: AP finds fast coastal growth
909,What hurricanes don't teach us: AP finds fast coastal growth
910,What hurricanes don't teach us: AP finds fast coastal growth
911,What hurricanes don't teach us: AP finds fast coastal growth
912,What hurricanes don't teach us: AP finds fast coastal growth
913,What hurricanes don't teach us: AP finds fast coastal growth
914,What hurricanes don't teach us: AP finds fast coastal growth
915,What hurricanes don't teach us: AP finds fast coastal growth
916,What hurricanes don't teach us: AP finds fast coastal growth
917,What hurricanes don't teach us: AP finds fast coastal growth
918,What hurricanes don't teach us: AP finds fast coastal growth
919,What hurricanes don't teach us: AP finds fast coastal growth
920,What hurricanes don't teach us: AP finds fast coastal growth
921,What hurricanes don't teach us: AP finds fast coastal growth
922,What hurricanes don't teach us: AP finds fast coastal growth
923,What hurricanes don't teach us: AP finds fast coastal growth
924,What hurricanes don't teach us: AP finds fast coastal growth
925,What hurricanes don't teach us: AP finds fast coastal growth
926,What hurricanes don't teach us: AP finds fast coastal growth
927,What hurricanes don't teach us: AP finds fast coastal growth
928,What hurricanes don't teach us: AP finds fast coastal growth
929,What hurricanes don't teach us: AP finds fast coastal growth
930,What hurricanes don't teach us: AP finds fast coastal growth
931,What hurricanes don't teach us: AP finds fast coastal growth
932,What hurricanes don't teach us: AP finds fast coastal growth
933,What hurricanes don't teach us: AP finds fast coastal growth
934,What hurricanes don't teach us: AP finds fast coastal growth
935,What hurricanes don't teach us: AP finds fast coastal growth
936,What hurricanes don't teach us: AP finds fast coastal growth
937,What hurricanes don't teach us: AP finds fast coastal growth
938,What hurricanes don't teach us: AP finds fast coastal growth
939,What hurricanes don't teach us: AP finds fast coastal growth
940,What hurricanes don't teach us: AP finds fast coastal growth
941,What hurricanes don't teach us: AP finds fast coastal growth
942,What hurricanes don't teach us: AP finds fast coastal growth
943,What hurricanes don't teach us: AP finds fast coastal growth
944,What hurricanes don't teach us: AP finds fast coastal growth
945,What hurricanes don't teach us: AP finds fast coastal growth
946,What hurricanes don't teach us: AP finds fast coastal growth
947,What hurricanes don't teach us: AP finds fast coastal growth
948,What hurricanes don't teach us: AP finds fast coastal growth
949,What hurricanes don't teach us: AP finds fast coastal growth
950,What hurricanes don't teach us: AP finds fast coastal growth
951,What hurricanes don't teach us: AP finds fast coastal growth
952,What hurricanes don't teach us: AP finds fast coastal growth
953,What hurricanes don't teach us: AP finds fast coastal growth
954,What hurricanes don't teach us: AP finds fast coastal growth
955,What hurricanes don't teach us: AP finds fast coastal growth
956,What hurricanes don't teach us: AP finds fast coastal growth
957,What hurricanes don't teach us: AP finds fast coastal growth
958,What hurricanes don't teach us: AP finds fast coastal growth
959,What hurricanes don't teach us: AP finds fast coastal growth
960,What hurricanes don't teach us: AP finds fast coastal growth
961,What hurricanes don't teach us: AP finds fast coastal growth
962,What hurricanes don't teach us: AP finds fast coastal growth
963,What hurricanes don't teach us: AP finds fast coastal growth
964,What hurricanes don't teach us: AP finds fast coastal growth
965,What hurricanes don't teach us: AP finds fast coastal growth
966,What hurricanes don't teach us: AP finds fast coastal growth
967,What hurricanes don't teach us: AP finds fast coastal growth
968,What hurricanes don't teach us: AP finds fast coastal growth
969,What hurricanes don't teach us: AP finds fast coastal growth
970,What hurricanes don't teach us: AP finds fast coastal growth
971,What hurricanes don't teach us: AP finds fast coastal growth
972,What hurricanes don't teach us: AP finds fast coastal growth
973,What hurricanes don't teach us: AP finds fast coastal growth
974,What hurricanes don't teach us: AP finds fast coastal growth
975,What hurricanes don't teach us: AP finds fast coastal growth
976,What hurricanes don't teach us: AP finds fast coastal growth
977,What hurricanes don't teach us: AP finds fast coastal growth
978,What hurricanes don't teach us: AP finds fast coastal growth
979,What hurricanes don't teach us: AP finds fast coastal growth
980,What hurricanes don't teach us: AP finds fast coastal growth
981,What hurricanes don't teach us: AP finds fast coastal growth
982,What hurricanes don't teach us: AP finds fast coastal growth
983,What hurricanes don't teach us: AP finds fast coastal growth
984,What hurricanes don't teach us: AP finds fast coastal growth
985,What hurricanes don't teach us: AP finds fast coastal growth
986,What hurricanes don't teach us: AP finds fast coastal growth
987,What hurricanes don't teach us: AP finds fast coastal growth
988,What hurricanes don't teach us: AP finds fast coastal growth
989,What hurricanes don't teach us: AP finds fast coastal growth
990,What hurricanes don't teach us: AP finds fast coastal growth
991,What hurricanes don't teach us: AP finds fast coastal growth
992,What hurricanes don't teach us: AP finds fast coastal growth
993,What hurricanes don't teach us: AP finds fast coastal growth
994,What hurricanes don't teach us: AP finds fast coastal growth
995,What hurricanes don't teach us: AP finds fast coastal growth
996,What hurricanes don't teach us: AP finds fast coastal growth
997,What hurricanes don't teach us: AP finds fast coastal growth
998,What hurricanes don't teach us: AP finds fast coastal growth
999,What hurricanes don't teach us: AP finds fast coastal growth
1000,What hurricanes don't teach us: AP finds fast coastal growth
1001,What hurricanes don't teach us: AP finds fast coastal growth
1002,What hurricanes don't teach us: AP finds fast coastal growth
1003,What hurricanes don't teach us: AP finds fast coastal growth
1004,What hurricanes don't teach us: AP finds fast coastal growth
1005,What hurricanes don't teach us: AP finds fast coastal growth
1006,What hurricanes don't teach us: AP finds fast coastal growth
1007,What hurricanes don't teach us: AP finds fast coastal growth
1008,What hurricanes don't teach us: AP finds fast coastal growth
1009,What hurricanes don't teach us: AP finds fast coastal growth
1010,What hurricanes don't teach us: AP finds fast coastal growth
1011,What hurricanes don't teach us: AP finds fast coastal growth
1012,What hurricanes don't teach us: AP finds fast coastal growth
1013,What hurricanes don't teach us: AP finds fast coastal growth
1014,What hurricanes don't teach us: AP finds fast coastal growth
1015,What hurricanes don't teach us: AP finds fast coastal growth
1016,What hurricanes don't teach us: AP finds fast coastal growth
1017,What hurricanes don't teach us: AP finds fast coastal growth
1018,What hurricanes don't teach us: AP finds fast coastal growth
1019,What hurricanes don't teach us: AP finds fast coastal growth
1020,What hurricanes don't teach us: AP finds fast coastal growth
1021,What hurricanes don't teach us: AP finds fast coastal growth
1022,What hurricanes don't teach us: AP finds fast coastal growth
1023,What hurricanes don't teach us: AP finds fast coastal growth
1024,What hurricanes don't teach us: AP finds fast coastal growth
1025,What hurricanes don't teach us: AP finds fast coastal growth
1026,What hurricanes don't teach us: AP finds fast coastal growth
1027,What hurricanes don't teach us: AP finds fast coastal growth
1028,What hurricanes don't teach us: AP finds fast coastal growth
1029,What hurricanes don't teach us: AP finds fast coastal growth
1030,What hurricanes don't teach us: AP finds fast coastal growth
1031,What hurricanes don't teach us: AP finds fast coastal growth
1032,What hurricanes don't teach us: AP finds fast coastal growth
1033,What hurricanes don't teach us: AP finds fast coastal growth
1034,What hurricanes don't teach us: AP finds fast coastal growth
1035,What hurricanes don't teach us: AP finds fast coastal growth
1036,What hurricanes don't teach us: AP finds fast coastal growth
1037,What hurricanes don't teach us: AP finds fast coastal growth
1038,What hurricanes don't teach us: AP finds fast coastal growth
1039,What hurricanes don't teach us: AP finds fast coastal growth
1040,What hurricanes don't teach us: AP finds fast coastal growth
1041,What hurricanes don't teach us: AP finds fast coastal growth
1042,What hurricanes don't teach us: AP finds fast coastal growth
1043,What hurricanes don't teach us: AP finds fast coastal growth
1044,What hurricanes don't teach us: AP finds fast coastal growth
1045,What hurricanes don't teach us: AP finds fast coastal growth
1046,What hurricanes don't teach us: AP finds fast coastal growth
1047,What hurricanes don't teach us: AP finds fast coastal growth
1048,What hurricanes don't teach us: AP finds fast coastal growth
1049,What hurricanes don't teach us: AP finds fast coastal growth
1050,What hurricanes don't teach us: AP finds fast coastal growth
1051,What hurricanes don't teach us: AP finds fast coastal growth
1052,What hurricanes don't teach us: AP finds fast coastal growth
1053,What hurricanes don't teach us: AP finds fast coastal growth
1054,What hurricanes don't teach us: AP finds fast coastal growth
1055,What hurricanes don't teach us: AP finds fast coastal growth
1056,What hurricanes don't teach us: AP finds fast coastal growth
1057,What hurricanes don't teach us: AP finds fast coastal growth
1058,What hurricanes don't teach us: AP finds fast coastal growth
1059,What hurricanes don't teach us: AP finds fast coastal growth
1060,What hurricanes don't teach us: AP finds fast coastal growth
1061,What hurricanes don't teach us: AP finds fast coastal growth
1062,What hurricanes don't teach us: AP finds fast coastal growth
1063,What hurricanes don't teach us: AP finds fast coastal growth
1064,What hurricanes don't teach us: AP finds fast coastal growth
