claim,id
US coastal growth continues,0
US coastal growth continues,1
US coastal growth continues,2
US coastal growth continues,3
US coastal growth continues,4
US coastal growth continues,5
US coastal growth continues,6
US coastal growth continues,7
US coastal growth continues,8
US coastal growth continues,9
US coastal growth continues,10
US coastal growth continues,11
US coastal growth continues,12
US coastal growth continues,13
US coastal growth continues,14
US coastal growth continues,15
US coastal growth continues,16
US coastal growth continues,17
US coastal growth continues,18
US coastal growth continues,19
US coastal growth continues,20
US coastal growth continues,21
US coastal growth continues,22
US coastal growth continues,23
US coastal growth continues,24
US coastal growth continues,25
US coastal growth continues,26
US coastal growth continues,27
US coastal growth continues,28
US coastal growth continues,29
US coastal growth continues,30
US coastal growth continues,31
US coastal growth continues,32
US coastal growth continues,33
US coastal growth continues,34
US coastal growth continues,35
US coastal growth continues,36
US coastal growth continues,37
US coastal growth continues,38
US coastal growth continues,39
US coastal growth continues,40
US coastal growth continues,41
US coastal growth continues,42
US coastal growth continues,43
US coastal growth continues,44
US coastal growth continues,45
US coastal growth continues,46
US coastal growth continues,47
US coastal growth continues,48
US coastal growth continues,49
US coastal growth continues,50
US coastal growth continues,51
US coastal growth continues,52
US coastal growth continues,53
US coastal growth continues,54
US coastal growth continues,55
US coastal growth continues,56
US coastal growth continues,57
US coastal growth continues,58
US coastal growth continues,59
US coastal growth continues,60
US coastal growth continues,61
US coastal growth continues,62
US coastal growth continues,63
US coastal growth continues,64
US coastal growth continues,65
US coastal growth continues,66
US coastal growth continues,67
US coastal growth continues,68
US coastal growth continues,69
US coastal growth continues,70
US coastal growth continues,71
US coastal growth continues,72
US coastal growth continues,73
US coastal growth continues,74
US coastal growth continues,75
US coastal growth continues,76
US coastal growth continues,77
US coastal growth continues,78
US coastal growth continues,79
US coastal growth continues,80
US coastal growth continues,81
US coastal growth continues,82
US coastal growth continues,83
US coastal growth continues,84
US coastal growth continues,85
US coastal growth continues,86
US coastal growth continues,87
US coastal growth continues,88
US coastal growth continues,89
US coastal growth continues,90
US coastal growth continues,91
US coastal growth continues,92
US coastal growth continues,93
US coastal growth continues,94
US coastal growth continues,95
US coastal growth continues,96
US coastal growth continues,97
US coastal growth continues,98
US coastal growth continues,99
